issue,rows,avg_score
packaging,322,1.3664596273291925
seller_service,285,1.056140350877193
wrong_missing_item,132,1.4242424242424243
price_value,130,1.146153846153846
shipping_delivery,24,1.0
spam_irrelevant,22,1.1818181818181819
